{"cameraMode":{"drawMode":0,"name":"Shaded","section":"Shading Mode"},"sceneLighting":true,"audioPlay":false,"sceneViewState":{"m_AlwaysRefresh":false,"showFog":true,"showSkybox":true,"showFlares":true,"showImageEffects":true,"showParticleSystems":true,"showVisualEffectGraphs":true,"m_FxEnabled":true},"in2DMode":false,"pivot":{"x":24.55143928527832,"y":14.096601486206055,"z":1.5780413150787354},"rotation":{"x":0.049163881689310077,"y":0.026365339756011964,"z":-0.0012979857856407762,"w":0.9984559416770935},"size":25.725921630859376,"orthographic":true}