{"cameraMode":{"drawMode":0,"name":"Shaded","section":"Shading Mode"},"sceneLighting":true,"audioPlay":false,"sceneViewState":{"m_AlwaysRefresh":false,"showFog":true,"showSkybox":true,"showFlares":true,"showImageEffects":true,"showParticleSystems":true,"showVisualEffectGraphs":true,"m_FxEnabled":true},"in2DMode":false,"pivot":{"x":11.105451583862305,"y":4.872352123260498,"z":1.3767693042755128},"rotation":{"x":0.049163881689310077,"y":0.026365339756011964,"z":-0.0012979857856407762,"w":0.9984559416770935},"size":5.832112789154053,"orthographic":true}